{
	"defualtSettings":{
		"label" : "country",
    	"value": "value"
	},
	"sampleData":[
		{"country":"EN","category":"B","os_flow":3551,"ow_flow":2608,"pv":1953,"value":998,"uu":730,"node_id":"000008889","created":1512603888941},
		{"country":"CN","category":"B","os_flow":880,"ow_flow":830,"pv":47,"value":272,"uu":410,"node_id":"000008887","created":1512603888795},
		{"country":"CN","category":"B","os_flow":2450,"ow_flow":947,"pv":1840,"value":30,"uu":565,"node_id":"000008886","created":1512603888641},
		{"country":"CN","category":"B","os_flow":670,"ow_flow":180,"pv":49,"value":1914,"uu":1506,"node_id":"000008884","created":1512603888493},
		{"country":"JP","category":"B","os_flow":1857,"ow_flow":1620,"pv":1573,"value":295,"uu":1458,"node_id":"000008882","created":1512603888287},
		{"country":"CN","category":"B","os_flow":3054,"ow_flow":2998,"pv":261,"value":784,"uu":1314,"node_id":"000008881","created":1512603888117},
		{"country":"JP","category":"B","os_flow":4477,"ow_flow":1238,"pv":1155,"value":120,"uu":1018,"node_id":"000008879","created":1512603887968},
		{"country":"CN","category":"B","os_flow":2110,"ow_flow":1260,"pv":15,"value":769,"uu":1213,"node_id":"000008876","created":1512603887650},
		{"country":"JP","category":"A","os_flow":646,"ow_flow":2576,"pv":219,"value":360,"uu":1579,"node_id":"000008873","created":1512603887307},
		{"country":"CN","category":"A","os_flow":1197,"ow_flow":2815,"pv":1736,"value":879,"uu":725,"node_id":"000008871","created":1512603887112},
		{"country":"EN","category":"B","os_flow":592,"ow_flow":836,"pv":1391,"value":1932,"uu":1342,"node_id":"000008868","created":1512603886820},
		{"country":"CN","category":"A","os_flow":1000,"ow_flow":593,"pv":1143,"value":1255,"uu":450,"node_id":"000008867","created":1512603886771},
		{"country":"JP","category":"B","os_flow":3327,"ow_flow":1773,"pv":1928,"value":1622,"uu":343,"node_id":"000008865","created":1512603886511},
		{"country":"EN","category":"A","os_flow":165,"ow_flow":1560,"pv":1116,"value":1070,"uu":1352,"node_id":"000008862","created":1512603886266},
		{"country":"JP","category":"A","os_flow":5235,"ow_flow":614,"pv":1922,"value":981,"uu":1168,"node_id":"000008860","created":1512603886053},
		{"country":"EN","category":"B","os_flow":75,"ow_flow":1677,"pv":1505,"value":111,"uu":787,"node_id":"000008860","created":1512603886017},
		{"country":"EN","category":"B","os_flow":4763,"ow_flow":1127,"pv":1549,"value":1670,"uu":788,"node_id":"000008857","created":1512603885721}
	]
}