{
	"defaultSettings":{
		"label" : "category",
    	"value": "value"
	},
    "sampleData":[
		{"category":"A","value":998},
		{"category":"B","value":272},
		{"category":"C","value":30},
		{"category":"A","value":1914},
		{"category":"B","value":295},
		{"category":"C","value":784},
		{"category":"A","value":120},
		{"category":"B","value":769},
		{"category":"C","value":360},
		{"category":"A","value":879},
		{"category":"B","value":1932},
		{"category":"C","value":1255},
		{"category":"A","value":1622},
		{"category":"B","value":1070},
		{"category":"C","value":981},
		{"category":"A","value":111},
		{"category":"B","value":1670}
	]
}