{
	"defualtSettings":{
		"label" : "dataid",
    	"value": "v"
	},
	"sampleData":[
      {
    	"dataid": "data-1",
    	"v": 34
	  },
	  {
	    "dataid": "data-2",
	    "v": 23
	  },
	  {
	    "dataid": "data-3",
	    "v": 45
	  },
	  {
	    "dataid": "data-4",
	    "v": 20
	  }
	],
	"settingSchema":[
        {
          "type" : "key", "name" : "label", "help" : "ラベルとなるデータのkeyを指定してください。"
        },{
          "type" : "key", "name" : "value", "help" : "値を表すデータのkeyを指定してください。"
        }
    ]
}