{
  "defaultSettings": {
    "label" : "category",
    "value": "value",
    "limit": "20",
    "timestamp":"ts"
  },
  "sampleData": [
    {"category":"B","value":110,"ts":1512603888941},
    {"category":"B","value":110,"ts":1512603888941},
    {"category":"B","value":90,"ts":1512603888941},
    {"category":"B","value":200,"ts":1512603888795},
    {"category":"B","value":205,"ts":1512603888795},
    {"category":"B","value":205,"ts":1512603888795},
    {"category":"B","value":10,"ts":1512603888641},
    {"category":"B","value":10,"ts":1512603888641},
    {"category":"B","value":15,"ts":1512603888493},
    {"category":"B","value":101,"ts":1512603888287},
    {"category":"B","value":122,"ts":1512603888117},
    {"category":"B","value":120,"ts":1512603887968},
    {"category":"B","value":140,"ts":1512603887650},
    {"category":"A","value":150,"ts":1512603887307},
    {"category":"A","value":160,"ts":1512603887112},
    {"category":"B","value":170,"ts":1512603886820},
    {"category":"A","value":180,"ts":1512603886771},
    {"category":"B","value":150,"ts":1512603886511},
    {"category":"A","value":140,"ts":1512603886266},
    {"category":"A","value":130,"ts":1512603886053},
    {"category":"B","value":160,"ts":1512603886017},
    {"category":"B","value":170,"ts":1512603885721},
    {"category":"B","value":150,"ts":1512603885721},
    {"category":"B","value":155,"ts":1512603885721}
  ],
  "settingSchema":[
        {
        "type" : "key", "name" : "label", "help" : "Please specify the key of the data to be the label."
      },{
        "type" : "key", "name" : "value", "help" : "Please specify the key of the data representing the value."
      },
        {
        "type" : "key", "name" : "timestamp", "help" : "Please specify the key of the data representing the timestamp."
      },{
            "type": "select", "name": "limit", "help": "The number of data to be displayed", "options": ["10","20","30","all"]
        } ]
}