{  
   "defaultSettings":{  
      "label":"category",
      "value":"value",
      "limit":"20"
   },
   "sampleData":[
      {"category":"A","value":998,"created":1512603888941},
      {"category":"B","value":272,"created":1512603888795},
      {"category":"C","value":30,"created":1512603888641},
      {"category":"A","value":1914,"created":1512603888493},
      {"category":"B","value":295,"created":1512603888287},
      {"category":"C","value":784,"created":1512603888117},
      {"category":"A","value":120,"created":1512603887968},
      {"category":"B","value":769,"created":1512603887650},
      {"category":"C","value":360,"created":1512603887307},
      {"category":"A","value":879,"created":1512603887112},
      {"category":"B","value":1932,"created":1512603886820},
      {"category":"C","value":1255,"created":1512603886771},
      {"category":"A","value":1622,"created":1512603886511},
      {"category":"B","value":1070,"created":1512603886266},
      {"category":"C","value":981,"created":1512603886053},
      {"category":"A","value":111,"created":1512603886017},
      {"category":"B","value":1670,"created":1512603885721}
   ]
}