{
   "defaultSettings": {
      "left key": "social_buzz",
      "left label": "Social Buzz",
      "left color": "steelblue",
      "right key": "total_sessions",
      "right label": "Site Session",
      "right color": "#FF6666",
      "time stamp": "created",
      "line type": "linear"
   },
   "sampleData": [
      {
         "tag": "social_buzz",
         "value": 13
      },
      {
         "tag": "total_sessions",
         "value": 103
      },
      {
         "tag": "social_buzz",
         "value": 20
      },
      {
         "tag": "total_sessions",
         "value": 53
      },
      {
         "tag": "social_buzz",
         "value": 24
      },
      {
         "tag": "total_sessions",
         "value": 106
      },
      {
         "tag": "social_buzz",
         "value": 6
      },
      {
         "tag": "total_sessions",
         "value": 106
      },
      {
         "tag": "social_buzz",
         "value": 29
      },
      {
         "tag": "total_sessions",
         "value": 80
      },
      {
         "tag": "social_buzz",
         "value": 77
      },
      {
         "tag": "total_sessions",
         "value": 124
      },
      {
         "tag": "social_buzz",
         "value": 85
      },
      {
         "tag": "total_sessions",
         "value": 58
      },
      {
         "tag": "social_buzz",
         "value": 49
      }
   ]
}