{
	"defualtSettings":{
		"label" : "dataid",
    	"value": "v"
	},
    "sampleData":[
      {
    	"dataid": "data-1",
    	"v": 34
	  },
	  {
	    "dataid": "data-2",
	    "v": 23
	  },
	  {
	    "dataid": "data-3",
	    "v": 45
	  },
	  {
	    "dataid": "data-4",
	    "v": 20
	  }
	],
	"settingSchema":[
        {
          "type" : "key", "name" : "label", "help" : "Please specify the key of the data to be the label."
        },{
          "type" : "key", "name" : "value", "help" : "Please specify the key of the data representing the value."
        }
    ]
}