{
	"defaultSettings":{
		"label" : "category",
    	"value" : "value"
	},
    "sampleData":[
		{"category":"A","value":200,"ts":1512603888941},
		{"category":"B","value":272,"ts":1512603888795},
		{"category":"C","value":30,"ts":1512603888641},
		{"category":"A","value":1914,"ts":1512603888493},
		{"category":"B","value":295,"ts":1512603888287},
		{"category":"C","value":784,"ts":1512603888117},
		{"category":"A","value":120,"ts":1512603887968},
		{"category":"B","value":769,"ts":1512603887650},
		{"category":"C","value":360,"ts":1512603887307},
		{"category":"A","value":879,"ts":1512603887112},
		{"category":"B","value":1932,"ts":1512603886820},
		{"category":"C","value":1255,"ts":1512603886771},
		{"category":"A","value":1622,"ts":1512603886511},
		{"category":"B","value":1070,"ts":1512603886266},
		{"category":"C","value":981,"ts":1512603886053},
		{"category":"A","value":111,"ts":1512603886017},
		{"category":"B","value":1670,"ts":1512603885721}
	],
	"settingSchema":[
		{
          "type" : "key", "name" : "label", "help" : "Please specify the key of the data to be the label."
        },{
          "type" : "key", "name" : "value", "help" : "Please specify the key of the data representing the value."
        }
	]
}